"","uztwm","uzfwm","uzk","pctim","adimp","zperc","rexp","lztwm","lzfsm","lzfpm","lzsk","lzpk","pfree"
"1",117.483901570019,24.9813150280369,0.393139266789519,0.0306641599421616,0.0168474805122222,10.4711248626907,1.43731149047664,13.1033910619001,62.4626987483843,300.457494022275,0.173356680338913,0.00696737373908835,0.599999296925377
